Source File	Size	loadResources	load-configure	scan	loadDepInfo	loadInfo	load	generateSnapshots	checkR4R4B	generateNarratives	validate	loadLists	checkConformanceResources	checkConformanceResources2	checkConformanceResources3	generateLogicalMaps	validateExpressions	scanForUsageStats	checkURLsUnique	processProvenanceDetails	generate1	generate2	generateLogicals	makeDependencies	generateExampleZip	generateValidationPack	scanProfilesForR5	scanExamplesForR5
/fsh-generated/resources/ImplementationGuide-ans.fhir.fr.gap.json	11406	-	0	0	0	0	0	0	4	79	0	0	0	0	0	0	0	0	0	0	155	126	0	0	0	4	0	1
fsh-generated/resources/Appointment-example-req-appointment.json	1982	20	1	0	0	0	0	0	0	370	0	0	0	0	0	0	0	0	0	0	24	28	0	0	0	0	0	0
fsh-generated/resources/CapabilityStatement-GAP-Consommateur.json	16659	38	0	0	0	0	0	0	2	93	0	0	0	0	0	0	0	1	0	0	165	73	0	0	0	5	0	0
fsh-generated/resources/CapabilityStatement-GAP-DeclarantRDV.json	1632	15	0	0	0	0	0	0	0	15	0	0	0	0	0	0	0	0	0	0	32	17	0	0	0	1	0	0
fsh-generated/resources/CapabilityStatement-GAP-GestionnaireAgenda.json	9863	28	0	0	0	0	0	0	1	39	0	0	0	0	0	0	0	0	0	0	83	41	0	0	0	6	0	0
fsh-generated/resources/CapabilityStatement-GAP-GestionnaireRessources.json	4118	14	0	0	0	0	0	0	0	19	0	0	0	0	0	0	0	0	0	0	61	31	0	0	0	1	0	0
fsh-generated/resources/CapabilityStatement-Gap-Declarant.json	5034	7	0	0	0	0	0	0	1	19	0	0	0	0	0	0	0	0	0	0	63	24	0	0	0	2	0	0
fsh-generated/resources/Schedule-example.json	2392	5	1	0	0	0	0	0	0	269	0	0	0	0	0	0	0	0	0	0	17	22	0	0	0	0	0	0
fsh-generated/resources/SearchParameter-GAP-Appointment-created.json	412	2	0	0	0	0	0	0	0	17	0	0	0	0	0	0	0	0	0	0	8	10	0	0	0	0	0	0
fsh-generated/resources/SearchParameter-GAP-Appointment-description.json	583	2	0	0	0	0	0	0	0	13	0	0	0	0	0	0	0	0	0	0	12	9	0	0	0	1	0	0
fsh-generated/resources/SearchParameter-GAP-Appointment-earliestStart.json	677	2	0	0	0	0	0	0	0	17	0	0	0	0	0	0	0	0	0	0	9	9	0	0	0	0	0	0
fsh-generated/resources/SearchParameter-GAP-Appointment-latestStart.json	649	2	0	0	0	0	0	0	0	18	0	0	0	0	0	0	0	0	0	0	9	10	0	0	0	0	0	0
fsh-generated/resources/SearchParameter-GAP-Appointment-priority.json	508	1	0	0	0	0	0	0	0	17	0	0	0	0	0	0	0	0	0	0	9	8	0	0	0	1	0	0
fsh-generated/resources/SearchParameter-GAP-Slot-earliestStart.json	617	3	0	0	0	0	0	0	0	14	0	0	0	0	0	0	0	0	0	0	9	9	0	0	0	0	0	0
fsh-generated/resources/SearchParameter-GAP-Slot-latestStart.json	609	2	0	0	0	0	0	0	1	16	0	0	0	0	0	0	0	0	0	0	9	9	0	0	0	0	0	0
fsh-generated/resources/Slot-example.json	999	2	1	0	0	0	0	0	0	17	0	0	0	0	0	0	0	0	0	0	10	18	0	0	0	0	0	0
fsh-generated/resources/StructureDefinition-gap-bundle-reponse-demande-consult-dispo.json	10801	21	0	1	0	0	0	673	0	611	0	0	1	0	0	0	0	6	0	0	1887	4816	0	1	0	49	1	5
fsh-generated/resources/StructureDefinition-gap-bundle-reponse-demande-consult-rdv.json	11399	17	0	0	0	0	0	669	0	596	0	0	1	0	0	0	0	6	0	0	1899	2220	0	0	0	54	0	4
fsh-generated/resources/StructureDefinition-gap-fr-appointment.json	647	4	0	0	0	0	0	102	0	82	0	0	0	0	0	0	0	1	0	0	231	421	0	0	0	9	0	1
fsh-generated/resources/StructureDefinition-gap-fr-schedule.json	618	4	0	0	0	0	0	67	0	47	0	0	0	0	0	0	0	1	0	0	143	267	0	0	0	4	0	0
fsh-generated/resources/StructureDefinition-gap-fr-slot.json	579	5	0	0	0	0	0	84	0	63	0	0	0	0	0	0	0	0	0	0	143	293	0	0	0	5	0	0
